{"validation": {"loss": [0.44158056199550627, 0.35315011322498324, 0.3714790737628937, 0.31866020485758784, 0.3369936244189739, 0.3115051671862602, 0.30732555672526357, 0.29143031463027, 0.3085214561223984, 0.3282973752915859], "accuracy": [79.88, 84.52, 83.84, 86.12, 85.04, 86.44, 86.8, 88.04, 86.72, 85.96]}, "training": {"loss": [0.6281792818175422, 0.4409078578154246, 0.3847688023911582, 0.3606449015935262, 0.337081415520774, 0.3272224695980549, 0.31239909150534206, 0.3045317608283626, 0.2907497369249662, 0.2830750746693876], "accuracy": [63.85777777777778, 79.61777777777777, 82.72, 84.2311111111111, 85.12, 85.53777777777778, 86.74222222222222, 87.04, 87.73333333333333, 87.88444444444444]}, "test": {"loss": [0.272471954010427], "accuracy": [88.5]}}