{"validation": {"loss": [0.49267067551612853, 0.4565644124150276, 0.4339455425739288, 0.5145543520152569, 0.4412611013650894, 0.43746590793132784, 0.40198047548532484, 0.48716621071100236, 0.4025482720136642, 0.404307102560997], "accuracy": [76.36, 78.08, 79.88, 75.44, 79.32, 79.92, 81.24, 78.28, 80.76, 81.44]}, "training": {"loss": [0.6159134456184175, 0.4874035021662712, 0.45484237051672405, 0.43354088210397296, 0.42055765214893553, 0.4032859550582038, 0.3956602789296044, 0.38487732185257806, 0.3769509007864528, 0.3650372756520907], "accuracy": [65.4, 76.86222222222223, 79.11111111111111, 79.8711111111111, 80.68888888888888, 81.8711111111111, 82.19555555555556, 82.84444444444445, 82.96888888888888, 83.72888888888889]}, "test": {"loss": [0.387], "accuracy": [82.568]}}