{"validation": {"loss": [0.442145439684391, 0.40997568488121033, 0.4019992372393608, 0.41457628905773164, 0.39677891492843625, 0.3767517566680908, 0.3881670688092709, 0.3750695994496345, 0.4041407912969589, 0.3684121721982956], "accuracy": [80.28, 81.88, 81.64, 80.64, 82.04, 83.12, 82.88, 83.08, 81.68, 83.4]}, "training": {"loss": [0.5632498806052738, 0.4486982080671522, 0.4230573790272077, 0.40400433553589715, 0.38489634179406695, 0.3762543625632922, 0.36131543113125697, 0.35540901551644005, 0.3449218552311262, 0.33410415715641445], "accuracy": [70.18222222222222, 79.22222222222223, 80.4888888888889, 81.92, 82.79555555555555, 83.36444444444444, 84.00444444444445, 84.36888888888889, 85.00444444444445, 85.64]}, "test": {"loss": [0.3516799837052822], "accuracy": [84.508]}}