{"validation": {"loss": [0.4685313355922699, 0.430276186466217, 0.3718627646565437, 0.36301392793655396, 0.3348469743132591, 0.3286014759540558, 0.3332655097544193, 0.35962524756789205, 0.39729812562465666, 0.35832057654857635], "accuracy": [80.16, 80.28, 83.32, 83.92, 85.12, 85.6, 84.84, 84.56, 82.92, 84.52]}, "training": {"loss": [0.6560574520958794, 0.4692895421054628, 0.42321024904648463, 0.39317426840464276, 0.37529712342553667, 0.36090029534366397, 0.35041936861144174, 0.3406001554926236, 0.32882905570997134, 0.31932932694753013], "accuracy": [61.12888888888889, 77.68888888888888, 80.99555555555555, 82.41777777777777, 83.71111111111111, 84.45333333333333, 84.50666666666666, 85.34666666666666, 85.91555555555556, 86.46666666666667]}, "test": {"loss": [0.3163672304451466], "accuracy": [86.332]}}